moveNumber;guid;name;description;type;category;target;cantBeRandomed;sp;flatDamage;power;priority;isStatBased;enemyStat;statType;statLow;statHigh;extraCrit;specialType;alwaysHits;accuracy;hitsDig;hitsFly;minAttacks;maxAttacks;startsDig;startsFly;isTransform;selfHealing;sleepAttack;oneUse;isDelayed;delay;isMultiTurn;effectTurn;turnsMin;turnsMax;hasCooldown;cooldown;recoilOnHit;recoilOnMiss;recoilPercent;recoil;recoilAnimation;effects;secondaryEffects
1;034cef39039176441b8f7b2b8c2bc679;Dish Out;When hit by a Brute Attack, user strikes back with 2x power.;7;0;0;0;10;0;0;0;0;0;0;0;0;0;9;0;100;0;0;1;1;0;0;0;0;0;0;0;0;0;0;0;0;0;0;0;0;0;0;0;[];[]
2;38ed513cf0826ab47a8d97b659b329b2;Double Kick;Hits twice in one turn.;7;0;0;0;15;0;30;0;0;0;0;0;0;0;0;0;100;0;0;2;2;0;0;0;0;0;0;0;0;0;0;0;0;0;0;0;0;0;0;0;[];[]
3;8bed956fa831df340b7ba8c815616535;Haymaker;If it misses, the user loses half their HP.;7;0;0;0;5;0;130;0;0;0;0;0;0;0;0;0;90;0;0;1;1;0;0;0;0;0;0;0;0;0;0;0;0;0;0;0;1;1;50;6;[];[]
4;84b06bfba06e4a94995ff8c03215393d;Gambler;If it misses, the user loses half their HP.;7;0;0;0;5;0;100;0;0;0;0;0;0;0;0;0;95;0;0;1;1;0;0;0;0;0;0;0;0;0;0;0;0;0;0;0;1;1;50;0;[];[]
5;93f9b9cfb7e626e4c9b6539414292f21;Leg Sweep;High critical hit ratio.;7;0;0;0;12;0;50;0;0;0;0;0;0;5;0;0;100;0;0;1;1;0;0;0;0;0;0;0;0;0;0;0;0;0;0;0;0;0;0;0;[];[]
6;bec78305a5dc83146925b1d19b87a8cc;Slug;The slower the opponent, the stronger the attack.;7;0;0;0;14;0;0;0;0;0;0;0;0;0;16;0;100;0;0;1;1;0;0;0;0;0;0;0;0;0;0;0;0;0;0;0;0;0;0;0;[];[]
7;0b4105af9c428a04485910b52fad6738;Spin Kick;May cause flinching.;7;0;0;0;12;0;60;0;0;0;0;0;0;0;0;0;85;0;0;1;1;0;0;0;0;0;0;0;0;0;0;0;0;0;0;0;0;0;0;0;[];[{'effectTarget': 0, 'boosts': [], 'status': 0, 'volatileStatus': 7, 'statChance': 20, 'secChance': 100}]
8;e659f186565b68b49932efe8e453123f;Uppercut;Inflicts damage equal to 15% of their total stats;7;0;0;0;10;0;0;0;1;0;9;15;15;0;0;0;100;0;0;1;1;0;0;0;0;0;0;0;0;0;0;0;0;0;0;0;0;0;0;0;[];[]
9;668e604fbe71a0a498df424a11de821f;Recoil;User receives recoil damage.;7;0;0;0;12;0;80;0;0;0;0;0;0;0;0;0;80;0;0;1;1;0;0;0;0;0;0;0;0;0;0;0;0;0;0;1;0;1;20;5;[];[]
10;987c89f02bd71bf48b0b611528561bf6;Prism;Inflicts 60 HP, 90 if super effective;14;0;0;0;10;1;60;0;0;0;0;0;0;0;0;0;100;0;0;1;1;0;0;0;0;0;0;0;0;0;0;0;0;0;0;0;0;0;0;0;[];[]
11;c8b84c69b9a19ed42858382560033ff7;Mesmerize;User must recharge next turn.;14;0;0;1;5;0;140;0;0;0;0;0;0;0;0;0;90;0;0;1;1;0;0;0;0;0;0;0;0;0;0;0;0;0;0;0;0;0;0;0;[];[{'effectTarget': 1, 'boosts': [], 'status': 0, 'volatileStatus': 13, 'statChance': 100, 'secChance': 100}]
12;4bddde0e4a12b5347b8d963f0117e9e7;Enlightmenment;Raises Sp. Def on first turn, attacks on second.;14;0;0;1;5;0;150;0;0;0;0;0;0;0;0;0;100;0;0;1;1;0;0;0;0;0;0;1;1;0;1;0;0;0;0;0;0;0;0;0;[];[{'effectTarget': 1, 'boosts': [{'stat': 3, 'boost': 1, 'chance': 100}], 'status': 0, 'volatileStatus': 0, 'statChance': 0, 'secChance': 100}]
13;302ed8cc86ef5a4418772ac624169121;Crystalizer;User attacks for 2-3 turns but then becomes confused. Raises Sp. Atk;14;0;0;1;2;0;120;0;0;0;0;0;0;0;0;0;100;0;0;1;1;0;0;0;0;0;0;0;0;1;2;2;3;0;0;0;0;0;0;0;[{'effectTarget': 0, 'boosts': [], 'status': 0, 'volatileStatus': 0, 'statChance': 0}, {'effectTarget': 0, 'boosts': [], 'status': 0, 'volatileStatus': 0, 'statChance': 0}, {'effectTarget': 0, 'boosts': [], 'status': 0, 'volatileStatus': 0, 'statChance': 0}, {'effectTarget': 0, 'boosts': [], 'status': 0, 'volatileStatus': 0, 'statChance': 0}];[{'effectTarget': 1, 'boosts': [{'stat': 2, 'boost': 1, 'chance': 100}], 'status': 0, 'volatileStatus': 6, 'statChance': 100, 'secChance': 100}]
14;fcf44a7b2e27c894e87b36c857483b23;Polish;Recovers 10 hp, heals afflictions, and resets all stat changes.;14;2;1;0;8;0;0;0;0;0;0;0;0;0;1;1;0;0;0;1;1;0;0;0;0;0;0;0;0;0;0;0;0;0;0;0;0;0;-10;0;[];[]
15;2957fe44d5cf8a04493efe84e54a4693;Smack;May cause flinching.;12;0;0;0;12;0;60;0;0;0;0;0;0;0;0;0;100;0;0;1;1;0;0;0;0;0;0;0;0;0;0;0;0;0;0;0;0;0;0;0;[];[{'effectTarget': 0, 'boosts': [], 'status': 0, 'volatileStatus': 7, 'statChance': 20, 'secChance': 100}]
16;aabf6cd4503c3d7469858348ca028de7;Hex;User receives recoil damage.;12;0;0;0;5;0;120;0;0;0;0;0;0;0;0;0;100;0;0;1;1;0;0;0;0;0;0;0;0;0;0;0;0;0;0;1;0;1;20;0;[];[]
17;ae8030f81cf3d4447bcf20738c69f96b;Lights Out;Recovers 10 hp, heals afflictions, and resets all stat changes.;12;0;0;0;5;0;100;0;0;0;0;0;0;0;0;0;75;0;0;1;1;0;0;0;0;0;0;0;0;0;0;0;0;0;0;0;0;0;0;0;[];[]
18;955b37a816682bf43956f9b2b746a0fe;Terrorize;May paralyse opponent.;12;0;0;0;10;0;20;0;0;0;0;0;0;0;0;0;100;0;0;1;1;0;0;0;0;0;0;0;0;0;0;0;0;0;0;0;0;0;0;0;[];[{'effectTarget': 0, 'boosts': [], 'status': 4, 'volatileStatus': 0, 'statChance': 20, 'secChance': 100}]
19;773c896fba1ca6b4b82bb76fc347619c;Envy;;12;0;0;0;10;0;80;0;0;0;0;0;0;0;0;0;85;0;0;1;1;0;0;0;0;0;0;0;0;0;0;0;0;0;0;0;0;0;0;0;[];[]
20;769797c7739bf3048b10ef0d969da560;Sucker Punch;User attacks first.;12;0;0;0;12;0;40;1;0;0;0;0;0;0;0;0;100;0;0;1;1;0;0;0;0;0;0;0;0;0;0;0;0;0;0;0;0;0;0;0;[];[]
21;5b6ee1ae8bf5da144b378eb48fa69342;Betrayal;Ignores Accuracy and Evasiveness.;12;0;0;0;10;0;60;0;0;0;0;0;0;0;0;1;0;0;0;1;1;0;0;0;0;0;0;0;0;0;0;0;0;0;0;0;0;0;0;0;[];[]
22;102251a9109c81d44b1dc5634fb56fb4;Revenge;User receives recoil damage.;12;0;0;0;10;0;90;0;0;0;0;0;0;0;0;0;85;0;0;1;1;0;0;0;0;0;0;0;0;0;0;0;0;0;0;1;0;1;20;0;[];[]
23;60dd6fb21209ef746954e8bee445e67e;Overclock;Sharply raises user's Speed.;11;2;1;0;10;0;0;0;0;0;0;0;0;0;0;1;0;0;0;1;1;0;0;0;0;0;0;0;0;0;0;0;0;0;0;0;0;0;0;0;[{'effectTarget': 1, 'boosts': [{'stat': 4, 'boost': 2, 'chance': 100}], 'status': 0, 'volatileStatus': 0, 'statChance': 0}];[]
24;55562252d5a8ad64b92c467a930b12d1;VPN;Sharply raises user's Special Defense.;11;2;1;0;10;0;0;0;0;0;0;0;0;0;0;1;0;0;0;1;1;0;0;0;0;0;0;0;0;0;0;0;0;0;0;0;0;0;0;0;[{'effectTarget': 1, 'boosts': [{'stat': 3, 'boost': 2, 'chance': 100}], 'status': 0, 'volatileStatus': 0, 'statChance': 0}];[]
25;b86f42d912a4d06438e9a78f4e702b9f;IRC;Sharply raises user's Defense.;11;2;0;0;10;0;0;0;0;0;0;0;0;0;0;1;0;0;0;1;1;0;0;0;0;0;0;0;0;0;0;0;0;0;0;0;0;0;0;0;[{'effectTarget': 1, 'boosts': [{'stat': 1, 'boost': 2, 'chance': 100}], 'status': 0, 'volatileStatus': 0, 'statChance': 0}];[]
26;a6613fb5d61b1a948aa8a33d6ed1c45e;Hash;May confuse opponent.;11;0;0;0;5;0;120;0;0;0;0;0;0;0;0;0;100;0;0;1;1;0;0;0;0;0;0;0;0;0;0;0;0;0;0;0;0;0;0;0;[];[{'effectTarget': 0, 'boosts': [], 'status': 0, 'volatileStatus': 6, 'statChance': 20, 'secChance': 100}]
27;187d84749ba863d4e8576bd17f7d1a88;Packet Loss;User recovers half the HP inflicted on an afflicted opponent.;11;0;0;0;5;0;100;0;0;0;0;0;0;0;0;0;100;0;0;1;1;0;0;0;0;0;0;0;0;0;0;0;0;0;0;1;0;1;-50;0;[];[]
28;b117d8e10c7f1af49b07f4149d562d54;Hack;Hacks opponent, causing a glitch.;11;2;0;0;10;0;0;0;0;0;0;0;0;0;0;0;60;0;0;1;1;0;0;0;0;0;0;0;0;0;0;0;0;0;0;0;0;0;0;0;[{'effectTarget': 0, 'boosts': [], 'status': 0, 'volatileStatus': 8, 'statChance': 100}];[]
29;04e4551fe4e5dbf49b13cb08a83f06ed;Blur;Lowers opponent's Accuracy.;11;2;0;0;10;0;0;0;0;0;0;0;0;0;0;0;80;0;0;1;1;0;0;0;0;0;0;0;0;0;0;0;0;0;0;0;0;0;0;0;[{'effectTarget': 0, 'boosts': [{'stat': 5, 'boost': -1, 'chance': 100}], 'status': 0, 'volatileStatus': 0, 'statChance': 0}];[]
30;5cf1c5eaed37ad340a6320007b6c4da0;Defense Matrix;Halves damage from Special attacks for 5 turns.;11;2;0;0;6;0;0;0;0;0;0;0;0;0;12;1;0;0;0;1;1;0;0;0;0;0;0;0;0;0;0;0;0;0;0;0;0;0;0;0;[];[]
31;f6d51b9b854d06145ae042fa8a785ce4;Reboot;Raises user's Attack.;11;2;1;0;10;0;0;0;0;0;0;0;0;0;0;1;0;0;0;1;1;0;0;0;0;0;0;0;0;0;0;0;0;0;0;0;0;0;0;0;[{'effectTarget': 1, 'boosts': [{'stat': 0, 'boost': 1, 'chance': 100}], 'status': 0, 'volatileStatus': 0, 'statChance': 0}];[]
32;cd488bb87364c50468a6b80e173a89c2;DDOS;May glitch opponent.;11;0;0;0;10;0;65;0;0;0;0;0;0;0;0;0;100;0;0;1;1;0;0;0;0;0;0;0;0;0;0;0;0;0;0;0;0;0;0;0;[];[{'effectTarget': 0, 'boosts': [], 'status': 0, 'volatileStatus': 8, 'statChance': 20, 'secChance': 100}]
33;ee4f8103710cce74aac9a60147eeed7d;Energy Beam;May lower opponent's Special Defense.;11;0;0;0;8;0;90;0;0;0;0;0;0;0;0;0;100;0;0;1;1;0;0;0;0;0;0;0;0;0;0;0;0;0;0;0;0;0;0;0;[];[{'effectTarget': 0, 'boosts': [{'stat': 3, 'boost': -1, 'chance': 20}], 'status': 0, 'volatileStatus': 0, 'statChance': 0, 'secChance': 100}]
34;aa50e2c0bd0a8104cb96c7c78c3a1a80;Brute Force;Inflicts damage 25-50% of user's Special Attack.;11;0;0;0;12;0;0;0;1;0;3;25;50;0;0;0;100;0;0;1;1;0;0;0;0;0;0;0;0;0;0;0;0;0;0;0;0;0;0;0;[];[]
35;e337f8050edbaa74f9e641160bc1a323;Firewall;Halves damage from Physical attacks for 5 turns.;11;2;0;0;6;0;0;0;0;0;0;0;0;0;11;1;0;0;0;1;1;0;0;0;0;0;0;0;0;0;0;0;0;0;0;0;0;0;0;0;[];[]
36;cda8fea038d0e9441b7dc774a6061230;Regen;User is paralyzed for 2 turns, but fully healed.;11;2;1;1;4;0;0;0;1;0;6;0;0;0;0;1;0;0;0;1;1;0;0;0;1;0;0;0;0;0;0;0;0;0;0;0;0;0;0;0;[{'effectTarget': 1, 'boosts': [], 'status': 4, 'volatileStatus': 0, 'statChance': 100}];[]
37;fbe639f1798bbe74c8299f6be6841285;Log Off;Allows User to tag in another Toshimon in same turn;11;0;0;1;5;0;100;0;0;0;0;0;0;0;2;0;50;0;0;1;1;0;0;0;0;0;0;0;0;0;0;0;0;0;0;0;0;0;0;0;[];[]
38;c3b9b56bdfa33ec4d916dbd42fdf3dc6;Sinkhole;May cause flinching.;9;0;0;0;6;0;65;0;0;0;0;0;0;0;0;0;85;0;0;1;1;0;0;0;0;0;0;0;0;0;0;0;0;0;0;0;0;0;0;0;[];[{'effectTarget': 0, 'boosts': [], 'status': 0, 'volatileStatus': 7, 'statChance': 20, 'secChance': 100}]
39;5b3d09eabd8ef4240811edd1d94b78bf;Earthshatter;Hits twice in one turn.;9;0;0;0;8;0;50;0;0;0;0;0;0;0;0;0;90;0;0;2;2;0;0;0;0;0;0;0;0;0;0;0;0;0;0;0;0;0;0;0;[];[]
40;3eab7df3108470d4e9cc7c792a663c86;Tunnel;Digs underground on first turn, attacks on second. Can also escape from caves.;9;0;0;1;8;0;80;0;0;0;0;0;0;0;0;0;100;0;0;1;1;1;0;0;0;0;0;1;1;0;0;0;0;0;0;0;0;0;0;0;[];[]
41;1a732d422c679554e9b4e86b92987d13;Frack;Power is doubled if opponent is underground from using Dig.;9;0;0;0;5;0;100;0;0;0;0;0;0;0;0;0;100;1;0;1;1;0;0;0;0;0;0;0;0;0;0;0;0;0;0;0;0;0;0;0;[];[]
42;ba0e0c2cc9f704d45aafc9cd0b0fc02f;Tectonic Shift;One-Hit-KO, if it hits.;9;0;0;0;5;0;0;0;0;0;0;0;0;0;22;0;30;0;0;1;1;0;0;0;0;0;0;0;0;0;0;0;0;0;0;0;0;0;0;0;[];[]
43;39715758716d337479fa8a3385adf2aa;Quake;May cause flinching.;9;0;0;0;10;0;75;0;0;0;0;0;0;0;0;0;90;0;0;1;1;0;0;0;0;0;0;0;0;0;0;0;0;0;0;0;0;0;0;0;[];[{'effectTarget': 0, 'boosts': [], 'status': 0, 'volatileStatus': 7, 'statChance': 20, 'secChance': 100}]
44;606c654e0533d604183dda866fe140f3;Rumble;;9;0;0;0;12;0;50;0;0;0;0;0;0;0;0;0;90;0;0;1;1;0;0;0;0;0;0;0;0;0;0;0;0;0;0;0;0;0;0;0;[];[]
45;9f413179d338b6a429ad0576521c153d;Dust Storm;Lowers opponent's Accuracy.;9;2;0;0;10;0;0;0;0;0;0;0;0;0;0;0;100;0;0;1;1;0;0;0;0;0;0;0;0;0;0;0;0;0;0;0;0;0;0;0;[{'effectTarget': 0, 'boosts': [{'stat': 5, 'boost': -1, 'chance': 100}], 'status': 0, 'volatileStatus': 0, 'statChance': 0}];[]
46;8e7c533deb1495245bc3940a86c693b6;Vanish;Disappears for one turn. Confuses opponent.;10;2;0;0;10;0;0;0;0;0;0;0;0;0;0;0;100;0;0;1;1;0;0;0;0;0;0;0;0;0;0;0;0;0;0;0;0;0;0;0;[{'effectTarget': 0, 'boosts': [], 'status': 0, 'volatileStatus': 6, 'statChance': 100}];[]
47;7ad7c12c0ee24e94584dbf408242a0ff;Banshee;Raises user's Evasiveness.;10;2;1;0;10;0;0;0;0;0;0;0;0;0;0;1;0;0;0;1;1;0;0;0;0;0;0;0;0;0;0;0;0;0;0;0;0;0;0;0;[{'effectTarget': 1, 'boosts': [{'stat': 6, 'boost': 1, 'chance': 100}], 'status': 0, 'volatileStatus': 0, 'statChance': 0}];[]
48;c5bf7be00a16f344ab639872abaeb1b9;Ascension;Flies up on first turn, attacks on second turn.;10;0;0;1;5;0;120;0;0;0;0;0;0;0;0;0;95;0;0;1;1;0;1;0;0;0;0;1;1;0;0;0;0;0;0;0;0;0;0;0;[];[]
49;7396d05f9e04b39418eb1949cee84a76;Scare;May paralyze opponent.;10;0;0;0;10;0;30;0;0;0;0;0;0;0;0;0;100;0;0;1;1;0;0;0;0;0;0;0;0;0;0;0;0;0;0;0;0;0;0;0;[];[{'effectTarget': 0, 'boosts': [], 'status': 4, 'volatileStatus': 0, 'statChance': 20, 'secChance': 100}]
50;1830ef2d44c5c18498d46f080ed350ba;Soulsuck;User recovers half the HP inflicted on opponent.;10;0;0;0;10;0;40;0;0;0;0;0;0;0;0;0;100;0;0;1;1;0;0;0;0;0;0;0;0;0;0;0;0;0;0;1;0;1;-50;0;[];[]
51;300473a10782b224bb4a96a257521dec;Haunt;Inflicts damage equal to 15% of the users total stats;10;0;0;0;10;0;0;0;1;0;9;15;15;0;0;0;100;0;0;1;1;0;0;0;0;0;0;0;0;0;0;0;0;0;0;0;0;0;0;0;[];[]
52;ec427de5c08e47d4e901e822556d7ea2;Frighten;Charges on first turn, attacks on second. May cause flinching. High critical hit ratio.;10;0;0;1;5;0;130;0;0;0;0;0;0;5;0;0;90;0;0;1;1;0;0;0;0;0;0;1;1;0;0;0;0;0;0;0;0;0;0;0;[];[{'effectTarget': 0, 'boosts': [], 'status': 0, 'volatileStatus': 7, 'statChance': 20, 'secChance': 100}]
53;b8795a7724caff14686f09f2bd25fe87;Incendiary Blast;;2;0;0;0;8;0;80;0;0;0;0;0;0;0;0;0;100;0;0;1;1;0;0;0;0;0;0;0;0;0;0;0;0;0;0;0;0;0;0;0;[];[]
54;e9240acb6cafcb54ea8fe24666f2d9b4;Torch;May burn opponent.;2;0;0;0;12;0;40;0;0;0;0;0;0;0;0;0;100;0;0;1;1;0;0;0;0;0;0;0;0;0;0;0;0;0;0;0;0;0;0;0;[];[{'effectTarget': 0, 'boosts': [], 'status': 2, 'volatileStatus': 0, 'statChance': 20, 'secChance': 100}]
55;0f5d64b17add3b14ab37e685a201e0b2;Fireball;May burn opponent.;2;0;0;0;5;0;110;0;0;0;0;0;0;0;0;0;85;0;1;1;1;0;0;0;0;0;0;0;0;0;0;0;0;0;0;0;0;0;0;0;[];[{'effectTarget': 0, 'boosts': [], 'status': 2, 'volatileStatus': 0, 'statChance': 20, 'secChance': 100}]
56;56a7163a423ddf04391cf28e61886271;Flametorch;May burn opponent.;2;0;0;0;8;0;75;0;0;0;0;0;0;0;0;0;100;0;0;1;1;0;0;0;0;0;0;0;0;0;0;0;0;0;0;0;0;0;0;0;[];[{'effectTarget': 0, 'boosts': [], 'status': 2, 'volatileStatus': 0, 'statChance': 20, 'secChance': 100}]
57;86d33be10a4a2bd4abb14eaa2ddb002a;Flame-nado;May trap opponent, damaging them for 4-5 turns.;2;0;0;0;8;0;35;0;0;0;0;0;0;0;0;0;85;0;0;1;1;0;0;0;0;0;0;0;0;0;0;0;0;0;0;0;0;0;0;0;[];[{'effectTarget': 0, 'boosts': [], 'status': 0, 'volatileStatus': 10, 'statChance': 20, 'secChance': 100}]
58;385181dcbb14d0b43980034cd4b3fa0b;Hot Hands;May burn opponent.;2;0;0;0;8;0;90;0;0;0;0;0;0;0;0;0;100;0;0;1;1;0;0;0;0;0;0;0;0;0;0;0;0;0;0;0;0;0;0;0;[];[{'effectTarget': 0, 'boosts': [], 'status': 2, 'volatileStatus': 0, 'statChance': 20, 'secChance': 100}]
59;590fdd9c26efbf44cac3c72988b79588;Burnout;Hits twice if speed is lower than opponent.;2;0;0;0;12;0;50;0;0;0;0;0;0;0;14;0;100;0;0;1;1;0;0;0;0;0;0;0;0;0;0;0;0;0;0;0;0;0;0;0;[];[]
60;a49068708bba6a9468898d9d49ae1afa;Blaze It;User recovers half the HP inflicted on opponent.;2;0;0;0;10;0;80;0;0;0;0;0;0;0;0;0;100;0;0;1;1;0;0;0;0;0;0;0;0;0;0;0;0;0;0;1;0;1;-50;0;[];[]
61;758c8d3ac5cf6cc4a8991f2f876dcccf;Combust;Charges on first turn, attacks on second. High critical hit ratio.;2;0;0;1;10;0;80;0;0;0;0;0;0;5;0;0;100;0;0;1;1;0;0;0;0;0;0;1;1;0;0;0;0;0;0;0;0;0;0;0;[];[]
62;5d6fe4a9634012942a2f08f5c8dfd4da;Roast;Hits 2-5 times in one turn.;2;0;0;0;5;0;30;0;0;0;0;0;0;0;0;0;100;0;0;2;5;0;0;0;0;0;0;0;0;0;0;0;0;0;0;0;0;0;0;0;[];[]
63;edf00f8ed4d32164c9297634047ee91e;Flurry;Hits 2-5 times in one turn.;1;0;0;0;7;0;15;0;0;0;0;0;0;0;0;0;85;0;0;2;5;0;0;0;0;0;0;0;0;0;0;0;0;0;0;0;0;0;0;0;[];[]
64;ac8cbe75e5a32224f99784d6a1fe6fcb;Wrap;May trap opponent, damaging them for 4-5 turns.;1;0;0;0;8;0;15;0;0;0;0;0;0;0;0;0;85;0;0;1;1;0;0;0;0;0;0;0;0;0;0;0;0;0;0;0;0;0;0;0;[];[{'effectTarget': 0, 'boosts': [], 'status': 0, 'volatileStatus': 10, 'statChance': 20, 'secChance': 100}]
65;87e7a9f69fcd440478dab9ded463858a;Bearhug;May paralyze opponent.;1;0;0;0;10;0;85;0;0;0;0;0;0;0;0;0;100;0;0;1;1;0;0;0;0;0;0;0;0;0;0;0;0;0;0;0;0;0;0;0;[];[{'effectTarget': 0, 'boosts': [], 'status': 4, 'volatileStatus': 0, 'statChance': 20, 'secChance': 100}]
66;ef7cbdc5783f58f4199e65fb0acedfc0;Assault;Hits 2-5 times in one turn.;1;0;0;0;8;0;18;0;0;0;0;0;0;0;0;0;85;0;0;2;5;0;0;0;0;0;0;0;0;0;0;0;0;0;0;0;0;0;0;0;[];[]
67;4f8530c6b95ea1344a1916100000fc06;Morph;Changes user's type to that of its first move.;1;2;0;1;8;0;0;0;0;0;0;0;0;0;15;1;0;0;0;1;1;0;0;0;0;0;0;0;0;0;0;0;0;0;0;0;0;0;0;0;[];[]
68;30684d82e58f7584e91e9902a34ab7b3;Punch;;1;0;0;0;12;0;50;0;0;0;0;0;0;0;0;0;95;0;0;1;1;0;0;0;0;0;0;0;0;0;0;0;0;0;0;0;0;0;0;0;[];[]
69;330ccac694549e64d8f8461fad1eb745;Flex;Raises user's Defense.;1;2;1;0;10;0;0;0;0;0;0;0;0;0;0;1;0;0;0;1;1;0;0;0;0;0;0;0;0;0;0;0;0;0;0;0;0;0;0;0;[{'effectTarget': 1, 'boosts': [{'stat': 1, 'boost': 1, 'chance': 100}], 'status': 0, 'volatileStatus': 0, 'statChance': 0}];[]
70;e1abcd8031d03574f92176a54e30a2a3;Kick;May confuse opponent.;1;0;0;0;12;0;70;0;0;0;0;0;0;0;0;0;100;0;0;1;1;0;0;0;0;0;0;0;0;0;0;0;0;0;0;0;0;0;0;0;[];[{'effectTarget': 0, 'boosts': [], 'status': 0, 'volatileStatus': 6, 'statChance': 20, 'secChance': 100}]
71;0fa2705c9d6d04a4dab194c025aed8d8;Combo;Hits 2-5 times in one turn.;1;0;0;0;8;0;15;0;0;0;0;0;0;0;0;0;85;0;0;2;5;0;0;0;0;0;0;0;0;0;0;0;0;0;0;0;0;0;0;0;[];[]
72;5fcf515b47ddb824a88890253391be32;Pocket Sand;Lowers opponent's Accuracy.;1;2;0;0;10;0;0;0;0;0;0;0;0;0;0;0;100;0;0;1;1;0;0;0;0;0;0;0;0;0;0;0;0;0;0;0;0;0;0;0;[{'effectTarget': 0, 'boosts': [{'stat': 5, 'boost': -1, 'chance': 100}], 'status': 0, 'volatileStatus': 0, 'statChance': 0}];[]
73;e028badd4e3f3bd4f8155ae2e0ccb104;Size Up;Increases critical hit ratio.;1;2;1;0;10;0;0;0;0;0;0;0;0;0;0;1;0;0;0;1;1;0;0;0;0;0;0;0;0;0;0;0;0;0;0;0;0;0;0;0;[{'effectTarget': 1, 'boosts': [{'stat': 7, 'boost': 1, 'chance': 100}], 'status': 0, 'volatileStatus': 0, 'statChance': 0}];[]
74;796cd917183af71448954e83399b7cab;Wrestle;Hits 2-5 times in one turn.;1;0;0;0;8;0;15;0;0;0;0;0;0;0;0;0;85;0;0;2;5;0;0;0;0;0;0;0;0;0;0;0;0;0;0;0;0;0;0;0;[];[]
75;7e54cdc430948f44f99abb3d6b52fee0;Headlock;Hits 2-5 times in one turn.;1;0;0;0;8;0;18;0;0;0;0;0;0;0;0;0;80;0;0;2;5;0;0;0;0;0;0;0;0;0;0;0;0;0;0;0;0;0;0;0;[];[]
76;e1b1cea650414b34a88107c1a27d508f;Intimidate;Lowers opponent's Attack.;1;2;0;0;10;0;0;0;0;0;0;0;0;0;0;0;100;0;0;1;1;0;0;0;0;0;0;0;0;0;0;0;0;0;0;0;0;0;0;0;[{'effectTarget': 0, 'boosts': [{'stat': 0, 'boost': -1, 'chance': 100}], 'status': 0, 'volatileStatus': 0, 'statChance': 0}];[]
77;4d40773acb9e6d84d96699e35cdd8a85;Meditate;Raises user's Attack and Special Attack.;1;2;1;0;6;0;0;0;0;0;0;0;0;0;0;1;0;0;0;1;1;0;0;0;0;0;0;0;0;0;0;0;0;0;0;0;0;0;0;0;[{'effectTarget': 1, 'boosts': [{'stat': 0, 'boost': 1, 'chance': 100}, {'stat': 2, 'boost': 1, 'chance': 100}], 'status': 0, 'volatileStatus': 0, 'statChance': 0}];[]
78;5dd9258e25f8d404aae39dc0c8722ed0;Guard;Raises user's Defense.;1;2;1;0;10;0;0;0;0;0;0;0;0;0;0;1;0;0;0;1;1;0;0;0;0;0;0;0;0;0;0;0;0;0;0;0;0;0;0;0;[{'effectTarget': 1, 'boosts': [{'stat': 1, 'boost': 1, 'chance': 100}], 'status': 0, 'volatileStatus': 0, 'statChance': 0}];[]
79;f11546c22f597204f941db95afee7cb4;Pump;May cause flinching.;1;0;0;0;10;0;70;0;0;0;0;0;0;0;0;0;100;0;0;1;1;0;0;0;0;0;0;0;0;0;0;0;0;0;0;0;0;0;0;0;[];[{'effectTarget': 0, 'boosts': [], 'status': 0, 'volatileStatus': 7, 'statChance': 20, 'secChance': 100}]
80;db426ebff9fdbd44da91b8d5a9ea43a7;Pinch;;1;0;0;0;12;0;65;0;0;0;0;0;0;0;0;0;100;0;0;1;1;0;0;0;0;0;0;0;0;0;0;0;0;0;0;0;0;0;0;0;[];[]
81;2a099a77f173a854caaf524c6db17599;Blind Rage;One-Hit-KO, if it hits.;1;0;0;0;5;0;0;0;0;0;0;0;0;0;22;0;30;0;0;1;1;0;0;0;0;0;0;0;0;0;0;0;0;0;0;0;0;0;0;0;[];[]
82;c7c1aafe76dc6ad45ad398cb55d57a65;Slap;May cause flinching.;1;0;0;0;10;0;80;0;0;0;0;0;0;0;0;0;90;0;0;1;1;0;0;0;0;0;0;0;0;0;0;0;0;0;0;0;0;0;0;0;[];[{'effectTarget': 0, 'boosts': [], 'status': 0, 'volatileStatus': 7, 'statChance': 20, 'secChance': 100}]
83;b0a85777318ef984d91a34e238980591;Stare;Lowers opponent's Defense.;1;2;0;0;10;0;0;0;0;0;0;0;0;0;0;0;100;0;0;1;1;0;0;0;0;0;0;0;0;0;0;0;0;0;0;0;0;0;0;0;[{'effectTarget': 0, 'boosts': [{'stat': 1, 'boost': -1, 'chance': 100}], 'status': 0, 'volatileStatus': 0, 'statChance': 0}];[]
84;e470c3f37264f044eb7f00a49fcd457d;Lullaby;User rests, recovering 25% of max HP each turn it is asleep;1;2;1;1;5;0;0;0;0;0;0;0;0;0;0;0;75;0;0;1;1;0;0;0;0;0;0;0;0;0;0;0;0;0;0;0;0;0;0;0;[{'effectTarget': 1, 'boosts': [], 'status': 11, 'volatileStatus': 0, 'statChance': 100}];[]
85;fba4066a5f08a5e47b413fab5f89b02b;Modulator;User performs almost any move in the game at random.;1;0;0;1;10;0;0;0;0;0;0;0;0;0;8;0;0;0;0;1;1;0;0;0;0;0;0;0;0;0;0;0;0;0;0;0;0;0;0;0;[];[]
86;9b7ed0bd30b750442ab1adc5068e28cd;Mime;Copies the opponent's last move.;1;0;0;0;10;0;0;0;0;0;0;0;0;0;5;1;0;0;0;1;1;0;0;0;0;0;0;0;0;0;0;0;0;0;0;0;0;0;0;0;[];[]
87;3f272e3ddbcf9604e8bd41657f826bdc;Twinke Toes;Sharply raises the users evasion;1;2;1;0;8;0;0;0;0;0;0;0;0;0;0;1;0;0;0;1;1;0;0;0;0;0;0;0;0;0;0;0;0;0;0;0;0;0;0;0;[{'effectTarget': 1, 'boosts': [{'stat': 6, 'boost': 2, 'chance': 100}], 'status': 0, 'volatileStatus': 0, 'statChance': 0}];[]
88;4eefdfc6982a5824f8ff10b6c885e05d;Mimic;User performs the opponent's last move.;1;0;0;0;10;0;0;0;0;0;0;0;0;0;5;0;0;0;0;1;1;0;0;0;0;0;0;0;0;0;0;0;0;0;0;0;0;0;0;0;[];[]
89;103b3b819d681014480472f6e0b8de61;Coach;Doubles XP for the duration of the battle;1;0;0;1;10;0;40;0;0;0;0;0;0;0;0;0;100;0;0;1;1;0;0;0;0;0;0;0;0;0;0;0;0;0;0;0;0;0;0;0;[];[]
90;55f4e184eeb3b6844ab57701e3f0f4fe;Wiggle;;1;0;0;0;15;0;35;0;0;0;0;0;0;0;0;0;100;0;0;1;1;0;0;0;0;0;0;0;0;0;0;0;0;0;0;0;0;0;0;0;[];[]
91;26458c5671b1d4441b53a0336964fd58;Swagger;Raises Attack;1;0;0;0;10;0;40;0;0;0;0;0;0;0;0;0;100;0;0;1;1;0;0;0;0;0;0;0;0;0;0;0;0;0;0;0;0;0;0;0;[];[{'effectTarget': 1, 'boosts': [{'stat': 0, 'boost': 1, 'chance': 100}], 'status': 0, 'volatileStatus': 0, 'statChance': 0, 'secChance': 100}]
92;6ce4704362586a64996c41cbd94b529b;Medpack;User recovers half its max HP. Only useable once per deployment;1;0;1;1;1;0;0;0;1;0;6;50;50;0;0;1;0;0;0;1;1;0;0;0;1;0;1;0;0;0;0;0;0;0;0;0;0;0;0;0;[];[]
93;66894d54bacbf8742b9320e8b3d8a554;Slapout;Slap and switch Toshimon;1;0;0;1;6;0;50;0;0;0;0;0;0;0;2;0;50;0;0;1;1;0;0;0;0;0;0;0;0;0;0;0;0;0;0;0;0;0;0;0;[];[]
94;b6c591e03fbe85a4cb1653458f65585d;Bristle;;1;0;0;0;15;0;40;0;0;0;0;0;0;0;0;0;100;0;0;1;1;0;0;0;0;0;0;0;0;0;0;0;0;0;0;0;0;0;0;0;[];[]
95;ca13b3b0c6d1b8d4b90c32cae576b785;Vibe Check;Sharply lowers opponent's Defense.;1;2;0;0;8;0;0;0;0;0;0;0;0;0;0;0;85;0;0;1;1;0;0;0;0;0;0;0;0;0;0;0;0;0;0;0;0;0;0;0;[{'effectTarget': 0, 'boosts': [{'stat': 1, 'boost': -2, 'chance': 100}], 'status': 0, 'volatileStatus': 0, 'statChance': 0}];[]
96;755a493865240504699fc094f13bbc13;Self-Destruct;User faints.;1;0;0;0;1;0;200;0;0;0;0;0;0;0;0;0;100;0;0;1;1;0;0;0;0;0;0;0;0;0;0;0;0;0;0;1;1;0;999;6;[];[]
97;74ef0b2d1708cc144b849edc7267d1fd;Power Up;Raises user's Attack.;1;2;1;0;10;0;0;0;0;0;0;0;0;0;0;1;0;0;0;1;1;0;0;0;0;0;0;0;0;0;0;0;0;0;0;0;0;0;0;0;[{'effectTarget': 1, 'boosts': [{'stat': 0, 'boost': 1, 'chance': 100}], 'status': 0, 'volatileStatus': 0, 'statChance': 0}];[]
98;3eb5054246a46b54f8bf841661e7aef7;Wedgie;;1;0;0;0;10;0;80;0;0;0;0;0;0;0;0;0;75;0;0;1;1;0;0;0;0;0;0;0;0;0;0;0;0;0;0;0;0;0;0;0;[];[]
99;7ae3ffed5858e4241bc3c8ed6a38b20c;Strike;High critical hit ratio.;1;0;0;0;8;0;70;0;0;0;0;0;0;5;0;0;100;0;0;1;1;0;0;0;0;0;0;0;0;0;0;0;0;0;0;0;0;0;0;0;[];[]
100;9b16425f14cdc8b49b74ebf71a339d8a;Double Vision;Lowers opponent's Accuracy.;1;2;0;0;10;0;0;0;0;0;0;0;0;0;0;0;100;0;0;1;1;0;0;0;0;0;0;0;0;0;0;0;0;0;0;0;0;0;0;0;[{'effectTarget': 0, 'boosts': [{'stat': 5, 'boost': -1, 'chance': 100}], 'status': 0, 'volatileStatus': 0, 'statChance': 0}];[]
101;a789e9761e341d342ab24710f04cc044;Gain;User recovers half its max HP. Disabled for 3 turns.;1;2;1;1;5;0;0;0;1;0;6;50;50;0;0;1;0;0;0;1;1;0;0;0;1;0;0;0;0;0;0;0;0;1;3;0;0;0;0;0;[];[]
102;5600eeb130408294a847db7f5377fa2e;20 Savage;Always inflicts 20 HP.;1;0;0;0;20;1;20;0;0;0;7;0;0;0;0;0;90;0;0;1;1;0;0;0;0;0;0;0;0;0;0;0;0;0;0;0;0;0;0;0;[];[]
103;b7d64259ed68cff4cb810765a32dcc20;Sleepwalker;Randomly uses any move if sleeping;1;0;0;1;10;0;0;0;0;0;0;0;0;0;8;0;0;0;0;1;1;0;0;0;0;1;0;0;0;0;0;0;0;0;0;0;0;0;0;0;[];[]
104;fe8e5a2ab7897e44689dc80b0c4eb9ff;Stick Up;May cause flinching.;1;0;0;0;10;0;65;0;0;0;0;0;0;0;0;0;100;0;0;1;1;0;0;0;0;0;0;0;0;0;0;0;0;0;0;0;0;0;0;0;[];[{'effectTarget': 0, 'boosts': [], 'status': 0, 'volatileStatus': 7, 'statChance': 20, 'secChance': 100}]
105;28deb9e5c0013db48ae5d1e6cca9a854;Bludgeon;;1;0;0;0;10;0;80;0;0;0;0;0;0;0;0;0;100;0;0;1;1;0;0;0;0;0;0;0;0;0;0;0;0;0;0;0;0;0;0;0;[];[]
106;fa342a4e2e8d8524f8be902163c81081;Drag;Sharply lowers opponent's Speed.;1;2;0;0;8;0;0;0;0;0;0;0;0;0;0;0;95;0;0;1;1;0;0;0;0;0;0;0;0;0;0;0;0;0;0;0;0;0;0;0;[{'effectTarget': 0, 'boosts': [{'stat': 4, 'boost': -2, 'chance': 100}], 'status': 0, 'volatileStatus': 0, 'statChance': 0}];[]
107;518599785f427d5488c0bed5c00bc6d8;Squirm;;1;0;0;0;15;0;50;0;0;0;0;0;0;0;0;1;0;0;0;1;1;0;0;0;0;0;0;0;0;0;0;0;0;0;0;0;0;0;0;0;[];[]
108;9ba7b45ce1e0aaa42b79f57029b25377;Clone;Uses HP to creates a decoy that takes hits.;1;2;0;1;6;0;0;0;0;0;0;0;0;0;10;1;0;0;0;1;1;0;0;0;0;0;0;0;0;0;0;0;0;0;0;0;0;0;0;0;[];[]
109;99d81aa5d90a5164c8c2767a20385f8e;Throw;Always takes off half of the opponent's HP. Cooldown.;1;0;0;1;5;0;0;0;1;1;6;50;50;0;0;0;90;0;0;1;1;0;0;0;0;0;0;0;0;0;0;0;0;1;2;0;0;0;0;0;[];[]
110;f2c018b0347f62841bcefe80acded118;Pose;Sharply raises user's Attack.;1;2;1;0;8;0;0;0;0;0;0;0;0;0;0;1;0;0;0;1;1;0;0;0;0;0;0;0;0;0;0;0;0;0;0;0;0;0;0;0;[{'effectTarget': 1, 'boosts': [{'stat': 0, 'boost': 2, 'chance': 100}], 'status': 0, 'volatileStatus': 0, 'statChance': 0}];[]
111;8c5a50738405ca04590ea19ae368ce25;Lunge;;1;0;0;0;15;0;40;0;0;0;0;0;0;0;0;0;100;0;0;1;1;0;0;0;0;0;0;0;0;0;0;0;0;0;0;0;0;0;0;0;[];[]
112;d8d6181b971fe8540a5082f65dea497b;Interrogate;Lowers opponent's Defense.;1;2;0;0;10;0;0;0;0;0;0;0;0;0;0;0;100;0;0;1;1;0;0;0;0;0;0;0;0;0;0;0;0;0;0;0;0;0;0;0;[{'effectTarget': 0, 'boosts': [{'stat': 1, 'boost': -1, 'chance': 100}], 'status': 0, 'volatileStatus': 0, 'statChance': 0}];[]
113;9237b28e4f50d2e49a0a52a3bc26e899;Carbon Copy;User takes on the form and attacks of the opponent.;1;0;0;1;5;0;0;0;0;0;0;0;0;0;0;0;0;0;0;1;1;0;0;0;0;0;0;0;0;0;0;0;0;0;0;0;0;0;0;0;[];[]
114;ef4007a98bccc2648ac2bcac59d06cac;Spinal Tap;May paralyze, burn or freeze opponent.;1;0;0;0;10;0;80;0;0;0;0;0;0;0;0;0;100;0;0;1;1;0;0;0;0;0;0;0;0;0;0;0;0;0;0;0;0;0;0;0;[];[{'effectTarget': 0, 'boosts': [], 'status': 2, 'volatileStatus': 0, 'statChance': 20, 'secChance': 75}, {'effectTarget': 0, 'boosts': [], 'status': 5, 'volatileStatus': 0, 'statChance': 20, 'secChance': 75}, {'effectTarget': 0, 'boosts': [], 'status': 4, 'volatileStatus': 0, 'statChance': 20, 'secChance': 75}]
115;3f5faac8b11a06043880aa93380e0069;Double Tap;Hits twice in one turn.;1;0;0;0;12;0;25;0;0;0;0;0;0;0;0;0;100;0;0;2;2;0;0;0;0;0;0;0;0;0;0;0;0;0;0;0;0;0;0;0;[];[]
116;2704c40e1d8e7254d8a0dedbbb49f1e7;Tap;;1;0;0;0;15;0;55;0;0;0;0;0;0;0;0;0;100;0;0;1;1;0;0;0;0;0;0;0;0;0;0;0;0;0;0;0;0;0;0;0;[];[]
117;5aba3bb0941d7344c8abcb419e294066;Shoo;In battles, the opponent switches. In the wild, the Toshimon runs.;1;0;0;1;6;0;0;0;0;0;0;0;0;0;3;0;100;0;0;1;1;0;0;0;0;0;0;0;0;0;0;0;0;0;0;0;0;0;0;0;[];[]
118;bf5d7db8aa8e2e04eac2d39ff97d0151;Poke;;1;0;0;0;15;0;60;0;0;0;0;0;0;0;0;0;100;0;0;1;1;0;0;0;0;0;0;0;0;0;0;0;0;0;0;0;0;0;0;0;[];[]
119;99bbbfcdc8dcbc44ca075e983a7f8548;Berate;May trap opponent, damaging them for 4-5 turns.;1;0;0;0;8;0;15;0;0;0;0;0;0;0;0;0;90;0;0;1;1;0;0;0;0;0;0;0;0;0;0;0;0;0;0;0;0;0;0;0;[];[{'effectTarget': 0, 'boosts': [], 'status': 0, 'volatileStatus': 10, 'statChance': 20, 'secChance': 100}]
120;68f530ebb0d202448bde4b5124ef0edb;Flutter;Sharply raises user's Defense.;13;2;1;0;8;0;0;0;0;0;0;0;0;0;0;1;0;0;0;1;1;0;0;0;0;0;0;0;0;0;0;0;0;0;0;0;0;0;0;0;[{'effectTarget': 1, 'boosts': [{'stat': 1, 'boost': 2, 'chance': 100}], 'status': 0, 'volatileStatus': 0, 'statChance': 0}];[]
121;323747166c006c2468df808462b3a17f;Heartbreak;Must be used 3 separate times. The total damage absorbed on the first two times is doubled and inflicted on the opponent on the third use.;13;0;0;1;6;0;0;0;0;0;0;0;0;0;17;1;0;0;0;1;1;0;0;0;0;0;0;1;2;0;0;0;0;0;0;0;0;0;0;0;[];[]
122;c8097ee5fde24314c8270b8b85d6b8c0;Kissy Face;May lower opponent's Speed by one stage.;13;2;0;0;12;0;10;0;0;0;0;0;0;0;0;0;100;0;0;1;1;0;0;0;0;0;0;0;0;0;0;0;0;0;0;0;0;0;0;0;[{'effectTarget': 0, 'boosts': [{'stat': 4, 'boost': -1, 'chance': 100}], 'status': 0, 'volatileStatus': 0, 'statChance': 0}];[{'effectTarget': 0, 'boosts': [{'stat': 4, 'boost': -1, 'chance': 20}], 'status': 0, 'volatileStatus': 0, 'statChance': 0, 'secChance': 100}]
123;171ea36d93f7b5c49a6c6671b2164a84;Takeaway;Opponent can't use its last attack for a few turns.;13;2;0;0;8;0;0;0;0;0;0;0;0;0;0;0;100;0;0;1;1;0;0;0;0;0;0;0;0;0;0;0;0;0;0;0;0;0;0;0;[];[]
124;7448008de1be28d47bc80fa854c82eb2;Love Potion;One-Hit-KO, if it hits.;13;0;0;0;5;0;0;0;0;0;0;0;0;0;22;0;30;0;0;1;1;0;0;0;0;0;0;0;0;0;0;0;0;0;0;0;0;0;0;0;[];[]
125;394b9fe3170d546468f4ba0761a1b182;Warm Embrace;Raises user's Sp. Attack when hit.;13;0;0;0;10;0;30;0;0;0;0;0;0;0;20;0;100;0;0;1;1;0;0;0;0;0;0;0;0;0;0;0;0;0;0;0;0;0;0;0;[];[]
126;3c5d089033707d94f9ce1bdc60fd7b6a;Yawn;Puts opponent and user to sleep.;13;2;0;0;10;0;0;0;0;0;0;0;0;0;0;0;75;0;0;1;1;0;0;0;0;0;0;0;0;0;0;0;0;0;0;0;0;0;0;0;[{'effectTarget': 1, 'boosts': [], 'status': 3, 'volatileStatus': 0, 'statChance': 100}, {'effectTarget': 0, 'boosts': [], 'status': 3, 'volatileStatus': 0, 'statChance': 100}];[]
127;a6203336eecb05f48b41e2da016f314c;Winky Face;Confuses opponent.;13;2;0;0;10;0;0;0;0;0;0;0;0;0;0;0;55;0;0;1;1;0;0;0;0;0;0;0;0;0;0;0;0;0;0;0;0;0;0;0;[{'effectTarget': 0, 'boosts': [], 'status': 0, 'volatileStatus': 6, 'statChance': 100}];[]
128;893f32a870d982d438bb520ddb8e6d5b;Chill Breeze;May lower opponent's Attack.;6;0;0;0;10;0;65;0;0;0;0;0;0;0;0;0;100;0;0;1;1;0;0;0;0;0;0;0;0;0;0;0;0;0;0;0;0;0;0;0;[];[{'effectTarget': 0, 'boosts': [{'stat': 0, 'boost': -1, 'chance': 20}], 'status': 0, 'volatileStatus': 0, 'statChance': 0, 'secChance': 100}]
129;a0603b92f97049148b090c6703e0b55d;Icemaker;May freeze opponent.;6;0;0;0;5;0;110;0;0;0;0;0;0;0;0;0;70;0;0;1;1;0;0;0;0;0;0;0;0;0;0;0;0;0;0;0;0;0;0;0;[];[{'effectTarget': 0, 'boosts': [], 'status': 5, 'volatileStatus': 0, 'statChance': 20, 'secChance': 100}]
130;e02b5d25e1c193543aced0d57a15d8c8;Hail;May freeze opponent.;6;0;0;0;8;0;90;0;0;0;0;0;0;0;0;0;100;0;1;1;1;0;0;0;0;0;0;0;0;0;0;0;0;0;0;0;0;0;0;0;[];[{'effectTarget': 0, 'boosts': [], 'status': 5, 'volatileStatus': 0, 'statChance': 20, 'secChance': 100}]
131;d391d61d9b7c39c439dd1634cfc73df5;Freezing Rain;May freeze opponent.;6;0;0;0;10;0;75;0;0;0;0;0;0;0;0;0;100;0;0;1;1;0;0;0;0;0;0;0;0;0;0;0;0;0;0;0;0;0;0;0;[];[{'effectTarget': 0, 'boosts': [], 'status': 5, 'volatileStatus': 0, 'statChance': 20, 'secChance': 100}]
132;d01a7e6752dd5044aa959b9d05e7c6de;Ice Shield;User's stats cannot be changed for a period of time.;6;2;1;0;6;0;0;0;0;0;0;0;0;0;0;1;0;0;0;1;1;0;0;0;0;0;0;0;0;0;0;0;0;0;0;0;0;0;0;0;[];[]
133;e1e9e091b411f0d4db83c225bed95e6f;Icy Shards;Hits 2-5 times in one turn.;6;0;0;0;8;0;25;0;0;0;0;0;0;0;0;0;95;0;0;2;5;0;0;0;0;0;0;0;0;0;0;0;0;0;0;0;0;0;0;0;[];[]
134;c262cf592edd4504c9bf5f8927fea34f;Laserbeam;;4;0;0;0;5;0;120;0;0;0;0;0;0;0;0;0;90;0;0;1;1;0;0;0;0;0;0;0;0;0;0;0;0;0;0;0;0;0;0;0;[];[]
135;423c46eb00597684f9a30ae40e0d6c7b;Light Beam;May paralyze opponent.;4;0;0;0;5;0;110;0;0;0;0;0;0;0;0;0;65;0;0;1;1;0;0;0;0;0;0;0;0;0;0;0;0;0;0;0;0;0;0;0;[];[{'effectTarget': 0, 'boosts': [], 'status': 4, 'volatileStatus': 0, 'statChance': 20, 'secChance': 100}]
136;64fd7f6b353d405489d3741261e06f1f;Strobe;May paralyze opponent.;4;0;0;0;8;0;75;0;0;0;0;0;0;0;0;0;100;0;0;1;1;0;0;0;0;0;0;0;0;0;0;0;0;0;0;0;0;0;0;0;[];[{'effectTarget': 0, 'boosts': [], 'status': 4, 'volatileStatus': 0, 'statChance': 20, 'secChance': 100}]
137;057802e6f1a296642b5bc6c47f613053;Shock;May paralyze opponent.;4;0;0;0;12;0;40;0;0;0;0;0;0;0;0;0;100;0;0;1;1;0;0;0;0;0;0;0;0;0;0;0;0;0;0;0;0;0;0;0;[];[{'effectTarget': 0, 'boosts': [], 'status': 4, 'volatileStatus': 0, 'statChance': 20, 'secChance': 100}]
138;48e7072ace8583a4f9565062ec772360;Blind;Paralyses opponent.;4;2;0;0;6;0;0;0;0;0;0;0;0;0;0;0;90;0;0;1;1;0;0;0;0;0;0;0;0;0;0;0;0;0;0;0;0;0;0;0;[{'effectTarget': 0, 'boosts': [], 'status': 4, 'volatileStatus': 0, 'statChance': 100}];[]
139;d2bbc2fa501981447bfe7a7c4c46dd21;Electrecute;May paralyze opponent.;4;0;0;0;8;0;90;0;0;0;0;0;0;0;0;0;100;0;0;1;1;0;0;0;0;0;0;0;0;0;0;0;0;0;0;0;0;0;0;0;[];[{'effectTarget': 0, 'boosts': [], 'status': 4, 'volatileStatus': 0, 'statChance': 20, 'secChance': 100}]
140;15a36c56339b40a43bcd6e8f228edde0;Grow;User recovers half the HP inflicted on opponent.;5;0;0;0;15;0;20;0;0;0;0;0;0;0;0;0;100;0;0;1;1;0;0;0;0;0;0;0;0;0;0;0;0;0;0;1;0;1;-50;5;[];[]
141;1a210953059c5a648aff429da0eec30e;Mold Spore;Drains HP from opponent each turn.;5;2;0;0;8;0;0;0;0;0;0;0;0;0;0;0;90;0;0;1;1;0;0;0;0;0;0;0;0;0;0;0;0;0;0;0;0;0;0;0;[{'effectTarget': 0, 'boosts': [], 'status': 0, 'volatileStatus': 9, 'statChance': 100}];[]
142;66ffd8d801fc8e647979fdc1b1bc008d;Symbiote;User attacks for 2-3 turns but then becomes confused.;5;0;0;1;2;0;120;0;0;0;0;0;0;0;0;0;100;0;0;1;1;0;0;0;0;0;0;0;0;1;2;2;3;0;0;0;0;0;0;0;[];[{'effectTarget': 0, 'boosts': [], 'status': 0, 'volatileStatus': 6, 'statChance': 100, 'secChance': 100}]
143;be558c1e02c228945a60cbd7595fa0ee;Thorns;High critical hit ratio.;5;0;0;0;12;0;55;0;0;0;0;0;0;5;0;0;95;0;0;1;1;0;0;0;0;0;0;0;0;0;0;0;0;0;0;0;0;0;0;0;[];[]
144;4d8c2912b1c755c4c9183553cede8e21;Sleepy Time;May put opponent to sleep.;5;2;0;0;10;0;0;0;0;0;0;0;0;0;0;0;75;0;0;1;1;0;0;0;0;0;0;0;0;0;0;0;0;0;0;0;0;0;0;0;[{'effectTarget': 0, 'boosts': [], 'status': 3, 'volatileStatus': 0, 'statChance': 30}];[]
145;bdfcffaccd82e674fb36a8586edbad4c;Overgrowth;Charges on first turn, attacks on second.;5;0;0;1;5;0;120;0;0;0;0;0;0;0;0;0;100;0;0;1;1;0;0;0;0;0;0;1;1;0;0;0;0;0;0;0;0;0;0;0;[];[]
146;5ee59c3c94a6d02418d5ab9208a91b94;Twine;May paralyze opponent.;5;2;0;0;10;0;0;0;0;0;0;0;0;0;0;0;75;0;0;1;1;0;0;0;0;0;0;0;0;0;0;0;0;0;0;0;0;0;0;0;[{'effectTarget': 0, 'boosts': [], 'status': 4, 'volatileStatus': 0, 'statChance': 20}];[]
147;8106c6ae042c15446b79c2724645af3d;Leaf Blower;;5;0;0;0;12;0;45;0;0;0;0;0;0;0;0;0;100;0;0;1;1;0;0;0;0;0;0;0;0;0;0;0;0;0;0;0;0;0;0;0;[];[]
148;7819cc72d47909648bf8bdf4272d7147;Poison;Poisons opponent. May lower opponent's Special Defense.;8;0;0;0;10;0;40;0;0;0;0;0;0;0;0;0;100;0;0;1;1;0;0;0;0;0;0;0;0;0;0;0;0;0;0;0;0;0;0;0;[];[{'effectTarget': 0, 'boosts': [{'stat': 3, 'boost': -1, 'chance': 20}], 'status': 1, 'volatileStatus': 0, 'statChance': 100, 'secChance': 100}]
149;90870fda3515680488d136609b626334;Toxin;Poisons opponent.;8;0;0;0;8;0;30;0;0;0;0;0;0;0;0;0;90;0;0;1;1;0;0;0;0;0;0;0;0;0;0;0;0;0;0;0;0;0;0;0;[];[{'effectTarget': 0, 'boosts': [], 'status': 1, 'volatileStatus': 0, 'statChance': 100, 'secChance': 100}]
150;c1c6ebc8b003d904da34ff32673aa561;Wither;May poison the opponent.;8;0;0;0;12;0;15;0;0;0;0;0;0;0;0;0;100;0;0;1;1;0;0;0;0;0;0;0;0;0;0;0;0;0;0;0;0;0;0;0;[];[{'effectTarget': 0, 'boosts': [], 'status': 1, 'volatileStatus': 0, 'statChance': 20, 'secChance': 100}]
151;d2de26272d7fd514ab7e02e4111d307b;Venom;May poison opponent.;8;0;0;0;8;0;65;0;0;0;0;0;0;0;0;0;100;0;0;1;1;0;0;0;0;0;0;0;0;0;0;0;0;0;0;0;0;0;0;0;[];[{'effectTarget': 0, 'boosts': [], 'status': 1, 'volatileStatus': 0, 'statChance': 20, 'secChance': 100}]
152;5f448fee37b513449ba64b9012e82bcc;Smog;May poison opponent.;8;0;0;0;12;0;30;0;0;0;0;0;0;0;0;0;70;0;1;1;1;0;0;0;0;0;0;0;0;0;0;0;0;0;0;0;0;0;0;0;[];[{'effectTarget': 0, 'boosts': [], 'status': 1, 'volatileStatus': 0, 'statChance': 20, 'secChance': 100}]
153;3dfc66c7b339edd47a761a5cb1a7abb2;Pathogen;Badly poisons opponent.;8;2;0;0;6;0;0;0;0;0;0;0;0;0;0;0;90;0;0;1;1;0;0;0;0;0;0;0;0;0;0;0;0;0;0;0;0;0;0;0;[{'effectTarget': 0, 'boosts': [], 'status': 14, 'volatileStatus': 0, 'statChance': 100}];[]
154;8c6f9487b67246c44a1a8b4b71d7fdea;Spray;May lower opponent's Speed.;3;0;0;0;12;0;40;0;0;0;0;0;0;0;0;0;100;0;0;1;1;0;0;0;0;0;0;0;0;0;0;0;0;0;0;0;0;0;0;0;[];[{'effectTarget': 0, 'boosts': [{'stat': 4, 'boost': -1, 'chance': 20}], 'status': 0, 'volatileStatus': 0, 'statChance': 0, 'secChance': 100}]
155;a354ef17b9cdfb14fbf0d74fa2e02258;Mist;May lower opponent's Speed.;3;0;0;0;10;0;65;0;0;0;0;0;0;0;0;0;100;0;0;1;1;0;0;0;0;0;0;0;0;0;0;0;0;0;0;0;0;0;0;0;[];[{'effectTarget': 0, 'boosts': [{'stat': 4, 'boost': -1, 'chance': 20}], 'status': 0, 'volatileStatus': 0, 'statChance': 0, 'secChance': 100}]
156;12c0a430c4e6eaf47b7d382c91251835;Whirlpool;May trap opponent, damaging them for 4-5 turns.;3;0;0;0;8;0;35;0;0;0;0;0;0;0;0;0;85;0;0;1;1;0;0;0;0;0;0;0;0;0;0;0;0;0;0;0;0;0;0;0;[];[{'effectTarget': 0, 'boosts': [], 'status': 0, 'volatileStatus': 10, 'statChance': 20, 'secChance': 100}]
157;e714836a5cd267545bc29904eb0250ad;High Tide;High critical hit ratio.;3;0;0;0;5;0;100;0;0;0;0;0;0;5;0;0;90;0;0;1;1;0;0;0;0;0;0;0;0;0;0;0;0;0;0;0;0;0;0;0;[];[]
158;6d7543b0073e15c4497fd15d4a01d078;Firehose;;3;0;0;0;5;0;110;0;0;0;0;0;0;0;0;0;80;0;0;1;1;0;0;0;0;0;0;0;0;0;0;0;0;0;0;0;0;0;0;0;[];[]
159;930d309962bfd274a8bc75eb5ca41610;Jetstream;;3;0;0;0;8;0;90;0;0;0;0;0;0;0;0;0;100;0;0;1;1;0;0;0;0;0;0;0;0;0;0;0;0;0;0;0;0;0;0;0;[];[]
160;e7f09877ebd7bb141bae50d70413556c;Spritz;;3;0;0;0;15;0;40;0;0;0;0;0;0;0;0;0;100;0;0;1;1;0;0;0;0;0;0;0;0;0;0;0;0;0;0;0;0;0;0;0;[];[]
161;58262f336e9b2644e8dcc8993374dc1f;Hydrate;Sharply Raises user's Sp. Defense.;3;2;1;0;8;0;0;0;0;0;0;0;0;0;0;1;0;0;0;1;1;0;0;0;0;0;0;0;0;0;0;0;0;0;0;0;0;0;0;0;[{'effectTarget': 1, 'boosts': [{'stat': 3, 'boost': 2, 'chance': 100}], 'status': 0, 'volatileStatus': 0, 'statChance': 0}];[]
162;60ff3a529a26e054ea56b8a48e02bba0;Bairzooka;A strong blast that also damages the user.;10;0;0;0;5;0;120;0;0;0;0;0;0;0;0;0;100;1;1;0;0;0;0;0;0;0;0;0;0;0;0;0;0;0;0;1;0;1;20;6;[];[]
163;e19c644b3493038459de81f8de11a2eb;Short Fuse;Greatly raises the users accuracy.;10;2;0;0;8;0;0;0;0;0;0;0;0;0;0;0;90;0;0;0;0;0;0;0;0;0;0;0;0;0;0;0;0;0;0;0;0;0;0;0;[{'effectTarget': 1, 'boosts': [{'stat': 5, 'boost': 2, 'chance': 100}], 'status': 0, 'volatileStatus': 0, 'statChance': 0}];[]
164;b96f297d09a3e1c41a19123a40fcf59d;Liquidation;Powerful move with low accuracy. Hurts user when attack misses.;8;0;0;0;4;0;250;0;0;0;0;0;0;0;0;0;20;0;0;0;0;0;0;0;0;0;0;0;0;0;0;0;0;0;0;0;1;1;100;6;[];[]
165;e3f0cb8aa99565f489f7371720e01669;Supply Bomb;Throws a bomb at the enemy that also damages the user.;10;0;0;0;5;0;120;0;0;0;0;0;0;0;0;0;100;0;0;0;0;0;0;0;0;0;0;0;0;0;0;0;0;0;0;1;0;1;20;6;[];[]
999;aab6dcdd4591c144487de0dbb666c375;Wimpy Strike;A weak attack with low accuracy and high recoil that is only usable when every other move has 0 SP.;1;0;0;1;99;0;10;-1;0;0;0;0;0;0;0;0;45;0;0;0;0;0;0;0;0;0;0;0;0;0;0;0;0;0;0;1;0;0;75;0;[];[]
